RIVER_NAME,Station_ID,Temperature(c),PH(m),DO(Mg/L),Salinity(ppt),TDS(Mg/L),EC(MicroS)/cm,FE(Mg/L),CI(Mg/L)
Turag,SW302,29.68,7.61,6.05,0.05,0.08,121.6,0.56,45.22
Turag,SW302,29.3,7,0.63,0,57.3,114.6,0.17,12.2
Turag,SW302,28.35,8.37,6.39,0.05,0.09,147.9,0.56,45.22
Turag,SW302,29.59,7.07,6.19,0.05,0.07,114.5,0.56,45.22
Turag,SW302,27.31,7.8,8,0,52,105,0.06,18
Turag,SW302,25.7,6.71,0.25,0,70.8,141.5,0.63,14.5
Turag,SW302,27.31,7.83,0.92,0,62.6,125.3,0.51,17
Turag,SW302,27.31,6.54,4.3,0,69.7,139.5,0.06,7.25
Turag,SW302,27.31,6.54,4.3,0,69.7,139.5,0.06,7.25
Turag,SW302,27.31,7.33,8.1,0,81.1,162.2,0.03,13.5
Turag,SW302,27.31,6.57,5.96,0,84.8,170.1,0.05,45.25
Turag,SW302,25,8,7.1,0,0.58,120,1,14
Turag,SW302,29.75,7.21,6.89,0.05,0.07,119.5,0.56,45.22
Turag,SW302,29.57,7.27,7.25,0.05,0.07,111.5,0.56,45.22
Turag,SW302,23.91,8.74,7.72,0.08,0.13,202.2,0.56,45.22
Turag,SW302,27.31,7.4,6.48,0.1,192.5,385,0.15,50
Turag,SW302,27.9,6.95,0.38,0,67.2,134.4,0.15,14
Turag,SW302,20.6,0,63.1,0,63.1,126.3,0.75,12.6
Turag,SW302,27.31,7.6,6.8,0,71,140,0.05,25
Turag,SW302,27.31,7.66,0.73,0,54.7,109.6,0.18,15.3
Turag,SW302,27.31,6.96,1.51,0,67.7,134.4,0.06,10.1
Turag,SW302,27.31,6.96,1.51,0,67.7,134.4,0.06,10.1
Turag,SW302,27.31,6.61,8.33,0,85.8,171.7,0.03,12.25
Turag,SW302,26,8.1,7.1,0,0.62,130,0,11
Turag,SW302,23,8.6,0.06,0.1,240,210,1.21,50
Turag,SW302,27.05,7.81,5.13,0.05,0.07,112.3,0.56,45.22
Turag,SW302,26.81,7.99,6.14,0.05,0.07,109.1,0.56,45.22
Turag,SW302,20.89,8.78,6.95,0.09,0.15,232,0.56,45.22
Turag,SW302,27.31,7.8,6.4,0.3,155,710,0.58,75
Turag,SW302,27.31,6.75,2.75,0.1,141.1,282,0,35
Turag,SW302,27.31,6.99,8.28,0,126.3,253,0.02,29.25
Turag,SW302,27.31,6.99,8.28,0,126.3,253,0.02,29.25
Turag,SW302,27.31,7.81,5.1,0.1,136.9,274,0.02,5.8
Turag,SW302,25,7.02,0.48,0,62.1,124.2,0.1,12.5
Turag,SW302,22,6.94,0.57,0,97.8,195.7,0.79,20
Turag,SW302,27.31,6.99,1.11,0.1,142.2,284,0.12,35.4
Turag,SW302,27.31,7.7,6.6,0.1,171,342,0.05,24
Turag,SW302,25,8,7.1,0,2.17,430,0,19
Turag,SW302,32,7.6,0.07,0.5,460,850,1.25,90
Turag,SW302,30.28,8.44,5.47,0.05,0.07,106.8,0.56,45.22
Turag,SW302,30.75,7.41,4.32,0.09,0.14,228,0.56,45.22
Turag,SW302,27.31,7.37,4.67,0.1,208,417,0.3,45.22
Turag,SW302,27.31,7.53,0.56,0.7,707,1415,0.04,287.5
Turag,SW302,30.4,6.7,1.07,0.2,307,613,0.08,60.5
Turag,SW302,28.7,7.22,0.49,0,81.8,163.5,0.19,15.75
Turag,SW302,27.31,6.89,1.1,0.6,616,1231,0.03,97.5
Turag,SW302,27.31,7.04,7.49,0.3,302,605,0.05,71
Turag,SW302,29,7,8.2,0.15,52,618,0.2,45
Turag,SW302,27.31,7.01,14.8,0.3,401,801,0.03,155
Turag,SW302,27,7.4,6.92,0.14,4.83,964,1,103
Turag,SW302,30.5,6.22,4.3,0.38,0.43,165.2,0.56,45.22
Turag,SW302,29.93,6.93,4.12,0.11,0.17,273.6,0.56,45.22
Turag,SW302,26,8.9,0.07,0.4,405,810,1.24,90
Turag,SW302,29.85,8.82,5.67,0.09,0.13,213.3,0.56,45.22
Turag,SW302,27.31,6.44,1.81,0.5,512,1025,0.01,8.7
Turag,SW302,27.31,7.1,0.34,0.5,562,1124,0.03,146
Turag,SW302,30,7.1,8.24,0.4,52,615,0.2,15
Turag,SW302,31.1,6.72,7.96,0.4,472,944,0.02,95
Turag,SW302,27.31,6.24,1.99,0.4,468,936,0.37,1.99
Turag,SW302,27.31,7.62,9.41,0.6,604,1208,0,141
Turag,SW302,27.31,7.4,2.3,0.5,558,1116,0.05,23
Turag,SW302,27.31,7,1.48,0.4,485,971,0.09,88
Turag,SW302,26,7.5,7,0.1,2.54,709,0,99
Turag,SW302,29,736,0.08,0.5,455,960,1.26,97
Turag,SW302,31.05,7.93,2.8,0.05,0.06,93.8,0.56,45.22
Turag,SW302,31.04,7.59,5.89,0.05,0.08,126.3,0.56,45.22
Turag,SW302,28.8,6.9,0.64,0.1,212,424,0.27,43
Turag,SW302,27.31,6.8,23.1,0.4,489,979,0,0
Turag,SW302,27.31,7.08,3.49,0.1,180.5,361,0.56,45.22
Turag,SW302,27.31,7.08,3.49,0.1,180.5,361,0.02,34.25
Turag,SW302,30,7,8,0.1,51,618.2,0.2,51
Turag,SW302,29.2,6.75,0.43,0,75.3,150.7,0.47,15
Turag,SW302,27.31,7.21,0.89,0,104,208,0.03,30.75
Turag,SW302,27.31,7.01,1.21,0.6,620,1240,0.02,176
Turag,SW302,27.31,7.25,2.57,0.1,132,263,0.78,24
Turag,SW302,26,7.4,6.92,0.1,4.83,965,1,103
Turag,SW302,28.9,4.64,4.3,0,0.52,142.8,1,3
Turag,SW302,28.9,4.65,31.2,0,0.52,142,1,3
Turag,SW302,30.01,7.87,5.14,0.05,0.06,103.4,0.56,45.22
Turag,SW302,27.8,6.47,0.3,0,56.9,113.9,0.25,12
Turag,SW302,28.9,6.44,0.94,0,59.7,119.3,0.52,11.5
Turag,SW302,30.01,7.88,6.91,0.05,0.06,99,0.56,45.22
Turag,SW302,27.31,7.4,8.6,0,86,174,0.9,32
Turag,SW302,27.31,7.13,0.68,0,60.3,120.6,0,12.4
Turag,SW302,27.31,7.04,4.87,0,67.7,135.4,0.16,11
Turag,SW302,27.31,7.04,4.87,0,67.7,135.4,0.16,11
Turag,SW302,27.31,6.85,7.6,0.1,180.4,361,0.02,29.5
Turag,SW302,27.31,7.51,111.8,0,92,184,0.02,44
Turag,SW302,28.9,4.64,4.3,0,0.52,142.8,1,35
Turag,SW302,21.24,8.73,7.15,0.12,0.2,323.7,0.56,45.22
Turag,SW302,29.1,7,0.64,0,63.1,126.1,0.54,12.5
Turag,SW302,25.68,8.25,7.61,0.12,0.17,276,0.56,45.22
Turag,SW302,27.31,7.4,1.66,0.4,467,933,0.05,40.5
Turag,SW302,20.39,6.98,1.64,0.27,0.34,189.4,0.56,45.22
Turag,SW302,27.31,6.75,2.75,0.1,141.1,282,0,35
Turag,SW302,20.1,6.36,1.28,0.3,337,675,0.35,75
Turag,SW302,29,7.1,7.2,0.3,55,620,0.2,15
Turag,SW302,24.8,7.1,1.06,0.3,324,648,0.26,65
Turag,SW302,27.31,7.36,8.3,0.3,260,699,0.31,85
Turag,SW302,27.31,7.8,6.1,0.3,347,694,0.01,92
Turag,SW302,22.7,7.09,1.45,0,40.1,79.7,0.22,7
Turag,SW302,27.31,6.44,8.48,0.3,340,680,0.03,7.5
Turag,SW302,27.31,7.5,5.9,0.3,353,705,0.05,20
Turag,SW302,26,7.6,7.1,0.3,2.54,709,0,96
Turag,SW302,22,8.3,0.06,0.1,106,211,1.22,30
Turag,SW302,26.04,8.26,5.03,0.11,0.18,289,0.56,45.22
Turag,SW302,33.15,8.64,4.13,0.11,0.16,256.4,0.56,45.22
Turag,SW302,27.31,7.1,2.01,0.4,427,853,0.27,43
Turag,SW302,27.31,7.13,10,0.4,420,840,0.03,98
Turag,SW302,27.31,7.02,7.45,0.4,446,892,0.02,5.8
Turag,SW302,29,7.1,7.1,1.7,51,618.2,0.19,14
Turag,SW302,26.1,6.79,4.58,0.4,407,814,0.3,81
Turag,SW302,27.8,6.43,2.76,0.4,423,845,0.3,88.9
Turag,SW302,27.31,7.11,8.1,0.4,429,859,0.02,63
Turag,SW302,27.31,7.7,6.7,0.5,491,982,0.05,77
Turag,SW302,27.31,7.4,0.05,0.17,557,1114,0.5,25
Turag,SW302,26,7.5,7,0.2,2.54,709,0,99
Turag,SW302,20.88,5.63,1.65,0.28,0.35,172.3,0.56,45.22
Turag,SW302,20.47,8.31,4.19,0.1,0.13,213.4,0.56,45.22
Turag,SW302,20.17,8.7,7.21,0.09,0.14,231,0.56,45.22
Turag,SW302,16.43,8.93,7.78,0.05,0.1,155.8,0.56,45.22
Turag,SW302,27.31,7.5,6.3,0.3,358,716,0.86,55
Turag,SW302,21.5,7.02,1.04,0.2,217,434,0.08,43
Turag,SW302,27.31,8.06,6.1,0.2,285,571,0.01,5.9
Turag,SW302,27.31,6.52,7.84,0.2,255,510,0.03,47.5
Turag,SW302,22.3,7.08,2.53,0.2,255,511,0.76,45
Turag,SW302,22.7,7.09,1.45,0,40.1,79.7,0.22,7
Turag,SW302,22.7,7.09,1.45,0,40.1,79.7,0.22,7
Turag,SW302,27.31,7.13,2.46,0.2,256,510,0.03,65
Turag,SW302,27.31,7.13,2.46,0.2,256,510,0.03,65
Turag,SW302,26,7.9,7.1,0,2.55,504,0,50
Turag,SW302,30.13,8.12,7.25,0.05,0.08,126.59,0.56,45.22
Turag,SW302,21,8.5,0.07,0.2,210,190,1.2,40
Turag,SW302,30.06,8,7.05,0.05,0.08,126.34,0.56,45.22
Turag,SW302,30.05,8.01,7.13,0.05,0.08,125.89,0.56,45.22
Turag,SW302,27.31,6.68,2.22,0,66.1,132.2,0.04,5.75
Turag,SW302,27.31,7.22,0.63,0,60.6,121.1,0.58,21.5
Turag,SW302,29.1,7,0.64,0,63.1,126.1,0.54,12.5
Turag,SW302,28,6.3,0.3,0,56.6,113.1,0.53,11.5
Turag,SW302,27.31,7.28,6.66,0,121.4,243,0.02,19.5
Turag,SW302,27.31,7.45,107.1,0,65,130.2,0.13,33.75
Turag,SW302,27.31,7.8,8.2,0,86,173,0.14,27
Turag,SW302,25.1,8,7.1,0,0.57,119,1,15
Turag,SW302,30.3,7.21,7.6,0.17,544,1090,0.56,45.22
Turag,SW302,31,7.6,0.07,0.4,462,838,1.25,90
Turag,SW302,29.89,7.08,2.59,0.1,0.17,270,0.56,45.22
Turag,SW302,30.27,8.78,5.04,0.06,0.11,171.9,0.56,45.22
Turag,SW302,29.1,5.13,4.13,0.31,0.41,168.1,0.56,45.22
Turag,SW302,28.1,6.31,1.8,0.5,571,1141,0.62,132
Turag,SW302,27.31,7.1,4.8,0.5,495,992,0.12,20
Turag,SW302,27.31,7.1,4.8,0.5,495,992,0.12,20
Turag,SW302,30.4,6.6,1.67,0.4,492,984,0.09,97.5
Turag,SW302,30,7.2,8,0.2,53,615,0.15,14
Turag,SW302,27.31,7.57,1.98,0.5,497,995,0.4,124
Turag,SW302,27.31,7.23,0.02,0.6,619,1237,0.01,267.5
Turag,SW302,27.31,7.51,13.56,0.5,497,994,0.03,84.25
Turag,SW302,27.31,8.98,0.28,0.05,516,1050,0.01,198
Turag,SW302,27.31,6.89,5.74,0.5,530,1060,0.14,125
Turag,SW302,26,7.4,7,0.1,4,801,0,100
Buriganga,SW42,24.5,6.93,2.4,0.08,156,244,0.07,49.43
Turag,SW302,24.5,7.04,2.49,0.07,137,212,0.05,45.22
Balu,SW7.5,24.5,7.01,2.29,0.08,163,252,0.45,49.43
Tongi Khal,SW299,24.6,7.1,2.21,0.07,150,230,0.05,50.4
Buriganga,SW42,25.1,6.79,2.12,0.07,112,222,0.07,49.43
Turag,SW302,25.2,6.76,3.18,0.06,119,182,0.14,45.22
Balu,SW7.5,25.1,6.46,2.17,0.09,170,278,1.82,49.43
Tongi Khal,SW299,25.2,6.8,1.44,0.06,124,192,0.27,50.4
Buriganga,SW42,29.83,6.21,4.18,0.07,142,218,0.02,49.43
Turag,SW302,31.38,5.97,2.5,0.06,130,201,0.14,45.22
Balu,SW7.5,31.23,7.05,2.53,0.09,183,290,0.05,49.43
Tongi Khal,SW299,32.7,7.09,1.66,0.06,130,201,1.05,50.4
Buriganga,SW42,32.08,6.49,1.51,0.08,154,240,0.08,6.8
Turag,SW302,33,6.43,0.82,0.06,118,185,0.08,10.1
Tongi Khal,SW299,31.75,6.42,2.84,0.07,131,201,0.03,11
Balu,SW7.5,32.25,6.77,2.09,0.09,176,270,0.14,30
Buriganga,SW42,32.55,6.68,2.88,0.37,579,886,0.13,80.3
Buriganga,SW42,32.76,6.92,0.91,0.5,677,1098,0.1,49.43
Turag,SW302,32.4,6.69,0.89,0.01,704,1141,0.02,45.22
Tongi Khal,SW299,31.8,7.1,1.42,0,42,113,0.06,50.4
Balu,SW7.5,32.85,7.37,1.32,0.01,128,140,0.16,49.43
Buriganga,SW42,32.33,6.51,767,0.56,767,1180,0.1,95.5
Balu,SW7.5,31.61,6.7,702,0.51,702,1084,1.07,98
Turag,SW302,31.8,6.54,895,0.65,895,1381,0,93
Tongi Khal,SW299,31.65,7.34,807,0.58,807,1243,0,66.5
Balu,SW7.5,29.7,7.1,0.85,0.4,641,948,0.41,86
Turag,SW302,29.7,7.58,0.56,0.5,692,1067,0.2,80
Tongi Khal,SW299,29.7,7.8,0.45,0.49,666,1027,0.16,76.1
Buriganga,SW42,29.6,8,0.33,0.37,584,900,0.59,87
Buriganga,SW42,28.9,6.82,1.42,0.3,466,714,0.09,49.43
Tongi Khal,SW299,29.3,7.55,0.48,0.37,579,891,0.02,50.4
Balu,SW7.5,28.9,7.2,0.9,0.37,575,891,0.01,49.43
Turag,SW302,29.3,7.06,0.38,0.33,516,797,0.38,45.22
Buriganga,SW42,23,6.7,0.86,0.3,456,701,0.34,64.25
Tongi Khal,SW299,23,6.72,1.52,0.33,514,791,0.11,54.25
Turag,SW302,23,6.44,1.72,0.97,1287,1973,0.21,56.75
Balu,SW7.5,22.9,6.74,1.11,0.35,542,832,0.01,70.75
Turag,SW302,23.1,6.4,2.6,0.76,310,115,0.05,35.25
Buriganga,SW42,23.1,6.39,1.61,0.5,788,1210,0.07,28.75
Balu,SW7.5,23,640,0.89,0.76,997,1538,0.08,16.5
Tongi Khal,SW299,23.1,6.29,1.3,0.57,788,1211,0.07,21.75
Balu,SW7.5,25.5,7.9,0.23,0.09,185,285,0.43,53
Tongi Khal,SW299,25.3,7.59,0.29,0,216,518,0.05,24
Buriganga,SW42,25.5,7.73,0.21,0.07,136,215,0.29,29
Turag,SW302,25.68,7.15,0.18,0.1,101,133,0.02,41
Tongi Khal,SW299,27.75,7.67,2.07,0.04,82,130,0.03,197
Turag,SW302,27.5,7.98,3.83,0.04,81,129,0.03,225
Buriganga,SW42,28.1,7.7,1.24,0.05,100,153,0.04,37.5
Balu,SW7.5,27.8,7.35,0.82,0.06,126,200,0.04,32.5
Buriganga,SW42,28.18,6.83,2.11,0.24,377,583,0.04,25
Balu,SW7.5,29.4,6.85,0.33,0.34,538,827,0.06,36
Tongi Khal,SW299,29.4,7.5,0.38,0.48,671,1030,0.22,32.5
Turag,SW302,29.5,6.81,0.34,0.22,341,537,0.52,23.5
Turag,SW302,28.58,7.71,0.26,0.24,356,556,0.06,15
Buriganga,SW42,28.8,7.51,0.14,0.08,150,235,0.03,25
Balu,SW7.5,29,7.31,0.01,0.28,435,677,0.29,13.5
Tongi Khal,SW299,29,8.38,0.27,0.25,378,585,0.05,33.5
Balu,SW7.5,29.2,7.52,3.02,0.09,179,276,0.54,22
Buriganga,SW42,28.5,7.8,2.41,0.13,276,421,0.05,30
Turag,SW302,29.05,7.9,4.66,0.09,177,277,0.01,25.5
Tongi Khal,SW299,26.5,8.1,0,0.14,319,491,0.27,24.5
Balu,SW7.5,30.7,5.57,139,0.2,236,472,0.08,25
Buriganga,SW42,30.6,6.59,35.3,0.1,172.1,344,0.1,17
Turag,SW302,30.6,6.52,125.4,0.1,173.5,347,0.47,14
Tongi Khal,SW299,30.9,6.42,3.3,0.1,148.9,298,0.01,12
Balu,SW7.5,30.7,6.37,10.8,0,509,1018,0.37,33
Buriganga,SW42,30.8,6.68,9,0.2,206,411,0.65,18
Turag,SW302,30.7,6.64,10.4,0.1,195,390,0.03,19
Balu,SW7.5,29.8,6.02,145.9,0.1,196.1,392,1.21,13
Buriganga,SW42,29.7,6.68,23.3,0,96.7,284,0.12,45
Turag,SW302,29.9,6.9,19.7,0.1,149.5,299,0.01,22
Balu,SW7.5,31.1,6.79,15.4,0.2,713,907,0.41,137
Tongi Khal,SW299,31.1,6.79,10.5,0.1,230,540,0.69,140
Turag,SW302,31.2,6.88,2.09,0,242,443,0.33,122
Buriganga,SW42,31.2,6.8,7.2,0.1,469,771,0.02,106
Balu,SW7.5,26,6.27,27.9,0.4,370,740,0.45,39
Tongi Khal,SW299,25.7,5.89,17.4,0.1,226,113.1,0.36,62
Buriganga,SW42,25.8,7.06,3.48,0,623,124.6,0.23,55
Turag,SW302,25.6,7.1,7.1,0.5,488,97.6,0.22,57
Buriganga,SW42,22.7,7.15,15.5,0.4,775,338,0.02,39
Balu,SW7.5,22.8,7.07,17.3,0.3,345,690,0.35,41
Tongi Khal,SW299,22.6,7.1,27.3,0.1,435,871,0,47
Turag,SW302,22.8,7.61,15.8,0.1,168.8,690,0,49
Balu,SW7.5,20,7.09,0.4,0.3,317,636,0.11,35
Buriganga,SW42,20,7.21,12.5,0.3,272,545,0.16,30
Tongi Khal,SW299,20,7.4,34.1,0.4,342,685,0,40
Turag,SW302,20,7.08,7.6,0.4,353,705,0.1,33
Balu,SW7.5,25.5,6.97,12,0.1,168.2,336,0.05,29
Buriganga,SW42,25.5,7.1,21.5,0.1,144.7,285,0.05,33
Tongi Khal,SW299,25.5,6.72,16.8,0.1,156.3,312,0.19,29
Turag,SW302,25.5,6.79,16.6,0.1,121.4,243,0.27,20
Buriganga,SW42,27.7,7.14,29.3,0.1,233.7,252,0.31,14
Balu,SW7.5,27.7,7.44,21.3,0.2,331.2,348.3,0.23,24
Tongi Khal,SW299,27.7,7.1,10.6,0.1,215.5,204.8,0.41,15
Turag,SW302,27.7,6.7,13.9,0.1,199.8,210,0.24,18
Buriganga,SW42,30.7,7.14,12.5,0,107.9,216,0.01,45
Tongi Khal,SW299,30.6,6.95,12.6,0,238.17,181.2,0.03,55
Balu,SW7.5,30.6,7.71,14,0,105.9,211,0.03,30
Turag,SW302,30.7,7.04,17.5,0,82.2,164.4,0,20
Buriganga,SW42,32,7.56,0.6,0,85.8,171.6,0.02,15
Turag,SW302,32,6.72,6.4,0,76.8,153.5,0.02,27.5
Balu,SW7.5,32,7.24,0.3,0,80.2,240.1,0.22,20
Tongi Khal,SW299,32,6.49,0.5,0,77.3,154.6,0.03,17.5
Balu,SW7.5,31.7,6.68,0.6,0,92.7,185.6,0.08,32.5
Buriganga,SW42,31.7,6.53,0.5,0.1,171.8,344,0.02,37.5
Tongi Khal,SW299,31.7,6.35,0.6,0,114.3,228,0.12,30
Turag,SW302,31.7,6.63,0.4,0,119.1,238,0.07,27.5
Turag,SW302,30.3,6.27,0.6,0.1,153.4,307,0.12,14
Balu,SW7.5,30.4,6.57,19.2,0.2,239,477,0.45,8
Tongi Khal,SW299,30.3,6.5,0.8,0,96.6,193.2,0.16,14
Buriganga,SW42,30.3,6.8,0.6,0.1,179.9,360,0.29,20
Balu,SW7.5,31.2,7.07,1.1,0.2,271,542,0.16,20
Buriganga,SW42,31,6.47,1.1,0.3,352,705,0.15,26
Turag,SW302,31.1,7.14,2.1,0.4,416,832,0.3,18
Tongi Khal,SW299,31.2,6.93,2.6,0.3,292,583,0.34,16
Buriganga,SW42,31.8,7.02,1.2,0.6,614,1229,0.13,114
Balu,SW7.5,31.7,6.8,2.3,0,69,138,0.26,78
Tongi Khal,SW299,31.7,6.83,1.1,0.4,407,814,0.01,65
Turag,SW302,31.7,7.3,2.2,0.5,512,1025,0.01,104
Tongi Khal,SW299,29.8,6.76,0.4,0.4,412,824,0.03,112
Balu,SW7.5,29.7,6.5,4,0.4,429,861,0,89
Buriganga,SW42,29.9,6.98,0.4,0.6,556,1112,0.02,56
Turag,SW302,29.8,6.81,0.4,0.7,653,1306,0.05,101
Buriganga,SW42,27.2,7.78,0.7,0.4,433,867,0.04,81
Balu,SW7.5,27.1,6.83,15.9,0.5,459,917,0,105
Tongi Khal,SW299,27,6.7,19.6,0.5,512,1024,0.01,99
Turag,SW302,27.3,6.57,5.1,0.5,503,1006,0.4,85
Buriganga,SW42,27.1,6.85,19,0.4,420,839,0,89
Balu,SW7.5,27,7.8,4.1,0.3,331,662,0.14,74
Tongi Khal,SW299,26.8,6.74,3.3,0.4,431,861,0.55,85
Turag,SW302,26.8,6.79,1.5,0.4,416,833,0,57
Balu,SW7.5,25.2,6.51,14.9,0.3,171,541,0.06,52
Tongi Khal,SW299,25,6.28,8.2,0.4,395,791,0.17,67
Buriganga,SW42,24.9,6.41,3.4,0.3,332,664,0,51
Turag,SW302,24.9,7.87,2.5,0.3,320,641,0,46
Balu,SW7.5,22.5,6.41,10.06,0.2,260,520,0.32,62
Buriganga,SW42,22.7,7.17,1.36,0.2,242.5,485,0.01,67
Turag,SW302,23,6.97,1.97,0.2,211.5,423,0.01,74
Tongi Khal,SW299,22.5,6.82,1.55,0.2,210.5,420,0.02,73
Buriganga,SW42,29.2,6,0.95,0,116,232,0.03,81
Balu,SW7.5,29.1,6.2,0.88,0.1,145,290,0,65
Turag,SW302,29.2,6.69,1,0,91.9,183.8,0.01,62
Tongi Khal,SW299,29.4,6.83,1.07,0,104.5,209,0.02,71
Buriganga,SW42,31.5,6.45,0.3,0,88,176,0.23,18
Turag,SW302,31.6,6.29,0.44,0,82.8,165.7,0.34,17.4
Balu,SW7.5,31.7,7.28,0.29,0,82.7,112.9,0.35,12
Tongi Khal,SW299,31.5,7.36,0.4,0,87.2,174.5,0.02,17.8
Buriganga,SW42,33,6.68,3,0.1,110,220,0.3,23
Turag,SW302,32.5,6.88,0.6,0.1,105,210,0.86,20.5
Tongi Khal,SW299,32.8,6.2,0.55,0,80.25,160.5,0.14,15.5
Balu,SW7.5,32,6.5,2.6,0.1,124.25,248.5,0.9,25.5
Balu,SW7.5,32.1,6.3,1.6,0,105.9,212,0.98,20.5
Buriganga,SW42,32.1,6.48,1,0,88.6,177.3,0.38,18
Tongi Khal,SW299,32.1,6.03,0.4,0,78,155.9,0.1,16
Turag,SW302,31.9,6.95,0.4,0,89.6,179.3,0.9,18.8
Tongi Khal,SW299,31.1,7.18,0.4,0,79.4,158.8,0.07,16
Balu,SW7.5,30.9,6.83,5.6,0,120.3,241,0.95,25
Turag,SW302,31,7.12,0.5,0,78.4,156.8,0.83,14.5
Buriganga,SW42,31.1,6.99,5.2,0,90.8,181.6,0.32,16.5
Balu,SW7.5,31.5,6.99,9.6,0.1,231,426,0.46,43
Buriganga,SW42,31.8,6.21,13.4,0.2,267,535,0.15,54
Turag,SW302,31.8,6.83,0.5,0,117,234,0.12,24
Tongi Khal,SW299,31.8,5.1,5.2,0,135.5,271,0.1,26.8
Balu,SW7.5,31.4,6.93,10.7,0.3,324,648,0.38,65.5
Buriganga,SW42,31.5,7.22,8.3,0.3,402,803,0.1,79
Turag,SW302,31.5,7.03,1710,0.4,436,873,0.09,88
Tongi Khal,SW299,31.5,6.95,23,0.4,454,907,0.08,91
Balu,SW7.5,30.7,11.83,10,0.3,317,634,0.14,65
Turag,SW302,30.7,6.72,10.3,0.3,387,773,0.06,78
Tongi Khal,SW299,30.6,6.98,19.3,0.4,424,848,0.05,85
Buriganga,SW42,30.5,6.96,11.6,0.3,365,729,0.06,73
Balu,SW7.5,28.9,11.83,1.04,0.2,256,531,0.12,53
Tongi Khal,SW299,28.9,6.98,12.18,0.4,421,854,0.04,84
Turag,SW302,29,6.72,11.91,0.3,372,743,0.05,75
Buriganga,SW42,28.9,6.96,12.01,0.3,367,733,0.04,72.8
Buriganga,SW42,28.8,6.95,13.93,0.3,333,667,0.05,66.5
Balu,SW7.5,28.8,7.06,0.8,0.2,232,463,0.14,45.5
Turag,SW302,28.9,6.9,4.22,0.2,294,597,0.06,59
Tongi Khal,SW299,28.9,7.37,4.43,0.3,322,644,0.04,65
Balu,SW7.5,21.6,7,0.6,0.1,177.2,354,0.21,36
Buriganga,SW42,21.7,7.15,1.33,0.2,216,432,0.04,42.5
Lakhya,SW180,18.7,7.16,0.61,0.2,208,415,0.2,41
Tongi Khal,SW299,18.7,7.44,0.62,0.2,194.7,389,0.05,40
Lakhya,SW180,25.1,7.37,0.41,0,86.4,172.8,0.26,18.2
Buriganga,SW42,25,7.15,0.55,0,67.6,135.2,0.05,14
Balu,SW7.5,25,7,0.75,0,95.1,190.2,0.25,20
Tongi Khal,SW299,25.1,7.55,3.27,0,65.1,130.2,0.03,12.8
Balu,SW7.5,27.9,7.08,0.86,0,82.5,165.1,0.3,17
Buriganga,SW42,27.9,7.1,0.37,0,89.2,178.4,0.07,18.5
Tongi Khal,SW299,27.6,7.45,0.6,0,69.5,139.1,0.05,14.5
Lakhya,SW180,27.8,7.3,0.52,0,89.3,178.7,0.33,18
Buriganga,SW42,29.3,7.1,0.75,0,79.9,159.7,0.08,16.6
Tongi Khal,SW299,29.2,7.52,1.25,0,56.7,113.3,0.04,1
Balu,SW7.5,29.2,7.05,0.74,0,76.3,152.6,0.28,16
Lakhya,SW180,29.3,7.2,0.86,0,61.9,123.8,0.37,13
Balu,SW7.5,29.1,6.98,0.4,0,82.1,164.2,0.18,17.2
Lakhya,SW180,29.1,7.15,0.45,0,74.2,148.3,0.06,15
Buriganga,SW42,29.1,7.06,0.55,0,68.8,137.5,0.37,14.5
Tongi Khal,SW299,29,7.43,3.57,0,66,132.1,0.39,12.7
Lakhya,SW180,29.4,7.06,0.63,0,69.7,139.3,0.29,14
Buriganga,SW42,29.3,6.93,0.53,0,61.9,123.8,0.22,12
Balu,SW7.5,29.4,6.76,0.52,0,81.8,163.6,0.27,16
Tongi Khal,SW299,29,7.52,3.15,0,57,114,0.38,11
Tongi Khal,SW299,28.9,7,1.23,0,114.2,228,0.66,23
Buriganga,SW42,28.8,6.75,0.52,0.2,224,448,0.17,46
Buriganga,SW42,28.8,6.75,0.52,0.2,224,448,0.17,46
Balu,SW7.5,28.8,7.75,3.17,0,194.2,388,0.81,38.5
Lakhya,SW180,28.8,7.11,0.67,0,91.7,183.4,0.2,17.5
Tongi Khal,SW299,30.5,6.92,20.5,0.3,369,739,0.14,74
Lakhya,SW180,28.8,7.15,1,0,113.3,227,0.08,17.5
Lakhya,SW180,28.8,7.15,1,0,113.3,227,0.08,22.5
Balu,SW7.5,30.4,7.7,2.22,0.2,301,601,0.21,60
Buriganga,SW42,30.5,6.9,1.16,0.3,357,713,0.38,70.5
Buriganga,SW42,21.7,7.15,1.33,0.2,216,432,0.04,42.5
Balu,SW7.5,30.4,7.5,3.39,0.4,437,875,-0.31,87
Buriganga,SW42,30.4,6.85,2.49,0.5,502,1003,0.04,100
Tongi Khal,SW299,30.4,6.89,2.27,0.4,430,860,0.06,85
Lakhya,SW180,30.4,6.9,1.44,0.4,473,946,0.34,95
Tongi Khal,SW299,31.2,6.59,20.1,0.3,394,788,80,0.17
Balu,SW7.5,31.2,6.75,10.54,0.4,464,927,0.01,90
Buriganga,SW42,31.01,6.72,5.42,0.4,467,933,0.06,91
Lakhya,SW180,31.2,7.14,3.85,0.4,438,875,0.62,85
Buriganga,SW42,29.1,7.06,0.55,0,68.8,137.5,0.37,14.5
Balu,SW7.5,26.2,6.85,7.58,0.4,426,851,0.08,85
Buriganga,SW42,26.1,7.05,6.14,0.4,397,793,0.08,80
Tongi Khal,SW299,26.5,7.22,10.92,0.4,441,882,0.1,88
Lakhya,SW180,26,7.44,6.64,0.4,399,798,0.1,80
Balu,SW7.5,24.8,6.9,8.27,0.4,396,793,0.05,80
Buriganga,SW42,24.7,6.98,4.74,0.3,329,659,0.06,66
Tongi Khal,SW299,24.7,7.21,21.5,0.3,354,708,0.05,70
Lakhya,SW180,24.8,7.13,4.99,0.3,322,645,0.06,64
Buriganga,SW42,22.1,7.1,2.08,0.2,255,512,0.26,48
Balu,SW7.5,22.2,7.2,0.61,0.2,193,386,0.2,35
Lakhya,SW180,22.2,7,6.05,0.2,238,477,0.64,45
Tongi Khal,SW299,22.1,7.12,2.91,0.2,256,511,0.23,46
Balu,SW7.5,22,7.15,0.53,0.1,135.1,270,0.35,27
Buriganga,SW42,22,7.1,0.52,0.1,120.7,241,0.2,24
Tongi Khal,SW299,21.9,7.12,0.51,0.1,114.2,228,0.6,22.5
Lakhya,SW180,21.9,7,0.35,0.1,109.8,220,0.7,22
Balu,SW7.5,20.5,0.1,104,0.1,104,208,0.3,20.5
Buriganga,SW42,20.5,0,71,0,71,142,0.15,15.95
Tongi Khal,SW299,20.6,0,63.7,0,63.7,127.5,0.55,12
Lakhya,SW180,20.6,0,94.8,0,94.8,189.6,0.65,18.5
Balu,SW7.5,25.8,6.28,0.24,0,112.6,225,0.25,22
Buriganga,SW42,25.7,6.82,0.2,0,80.2,160.3,0.1,17.75
Tongi Khal,SW299,25.8,6.57,0.34,0,89.9,179.8,0.45,16
Lakhya,SW180,25.9,6.53,0.18,0,108.4,217,0.5,20
Balu,SW7.5,27.9,6.2,0.26,0,74.7,149.4,0.2,15
Buriganga,SW42,28.1,6.56,0.43,0,81,162,0.07,15.75
Lakhya,SW180,27.9,6.78,0.3,0,66.4,132.7,0.48,12
Tongi Khal,SW299,27.9,6.29,0.29,0,58.7,117.3,0.4,12
Buriganga,SW42,27.7,6.79,0.35,0,65.7,131.5,0.49,13
Balu,SW7.5,27.5,6.07,0.18,0,92,183.9,0.13,20
Tongi Khal,SW299,27.8,6.61,0.22,0,54.6,109.3,0.52,10
Tongi Khal,SW299,27.8,6.61,0.22,0,54.6,109.3,10,0.52
Lakhya,SW180,27.7,6.25,0.2,0,54.6,109.3,0.52,10
Balu,SW7.5,28.8,6.74,1.57,0.1,154.8,310,0.37,35
Buriganga,SW42,29.3,6.77,0.52,0,94.6,189.1,0.25,19.75
Lakhya,SW180,29,4.26,3.16,0.1,167.5,335,0.96,25
Tongi Khal,SW299,29.1,6.51,1.24,0,96.4,192.8,0.43,20
Buriganga,SW42,28.9,6.86,1.22,0.1,156,312,0.24,30
Balu,SW7.5,29.2,6.61,3.85,0.2,241,482,0.33,76
Tongi Khal,SW299,28.4,7.09,0.31,0,85.8,171.6,0.13,17
Lakhya,SW180,28.4,6.4,4.55,0.4,410,820,0.38,7.5
Balu,SW7.5,28.1,6.1,0.88,0.4,412,825,0.34,98
Buriganga,SW42,28.1,6.29,4.7,0.5,512,1025,0.38,95
Tongi Khal,SW299,28.2,6.37,2.27,0.3,332,664,3.36,70
Lakhya,SW180,28.1,6.24,2.21,0.4,453,9.6,0.21,103
Balu,SW7.5,27,6.27,5,0.4,468,935,0.5,5
Buriganga,SW42,27,6.24,1.99,0.4,468,936,0.37,1.99
Lakhya,SW180,27.06,6.6,3.54,0.4,440,880,0.86,3.54
Tongi Khal,SW299,27.7,6.26,2.06,0.3,370,740,0.1,2.06
Buriganga,SW42,27.6,6.53,7.26,0.2,278,557,0.32,55.7
Balu,SW7.5,27.8,6.54,7.01,0.4,437,874,0.46,87.4
Lakhya,SW180,27.8,6.88,5.02,0.2,245,490,0.81,48.5
Tongi Khal,SW299,27.8,6.43,2.76,0.4,423,845,0.3,88.9
Balu,SW7.5,20.1,7.41,3.88,0.3,357,714,0.67,78
Buriganga,SW42,20.1,6.11,2.45,0.4,377,754,0.39,80
Tongi Khal,SW299,20.2,6.29,0.27,0.4,378,756,0.1,80
Lakhya,SW180,20.1,6.39,2.43,0.3,307,613,0.45,71
Balu,SW7.5,22.7,6.64,7.91,0.3,334,668,0.58,93
Balu,SW7.5,22.7,6.64,7.91,0.3,334,668,0.58,93
Buriganga,SW42,22.7,7.28,5.23,0.3,307,614,0.34,87
Buriganga,SW42,22.7,7.28,5.23,0.3,307,614,0.34,87
Lakhya,SW180,22.7,6.55,2.94,0.2,245,489,0.35,48
Tongi Khal,SW299,22.6,6.53,1.19,0.3,307,615,0.34,88
Tongi Khal,SW299,22.6,6.53,1.19,0.3,307,615,0.34,88
Lakhya,SW180,22.7,2.94,0.2,245,489,487.27,48,49.04
Balu,SW7.5,27,6.87,4.22,0.1,174.9,350,1.05,47.8
Buriganga,SW42,27,6.87,6.85,0.1,172,344,0.52,47.5
Lakhya,SW180,27.06,6.98,2.92,0.1,164.3,328,0.51,45
Tongi Khal,SW299,27.7,6.98,0.89,0.1,164.6,329,0.1,45.3
Balu,SW7.5,27,7.11,0.75,0,82.6,165.2,0.46,24
Buriganga,SW42,27,7.63,2.48,0,87.8,178.6,0.27,11
Lakhya,SW180,27.06,7.35,2.12,0,84.3,168.5,0.29,24.25
Tongi Khal,SW299,27.7,7.16,0.49,0,57.6,115.2,0.35,15
Balu,SW7.5,27,7.36,0.83,0,82.7,165.3,0.11,23.25
Buriganga,SW42,27,7.86,1.15,0,91.8,183.6,0.65,11.5
Tongi Khal,SW299,27.7,7.78,1.42,0,64.1,128.2,0.18,17.9
Lakhya,SW180,27.06,7.54,1.25,0,68,135.9,0.19,20.5
Balu,SW7.5,27,6.66,0.73,0,78.6,157.2,0.22,25
Buriganga,SW42,27,7.46,0.91,0,89.6,179.2,0.53,23
Tongi Khal,SW299,27.7,7.26,0.47,0,54.4,108.9,0.42,21
Lakhya,SW180,27.06,7.02,2.21,0,85.4,107.8,0.53,22
Balu,SW7.5,27,6.81,2.71,0,110.9,222,0.8,39.25
Buriganga,SW42,27,6.86,2.42,0,79.1,158.3,0.46,29
Lakhya,SW180,27.06,7.07,1.84,0,63.3,130.5,0.7,24
Tongi Khal,SW299,27.7,7.05,0.44,0,58.5,117.1,0.42,12.9
Balu,SW7.5,27,7.38,0.55,0,75,150,0.03,26.25
Buriganga,SW42,27,7,5.1,0.1,198,395,0.06,12.1
Tongi Khal,SW299,27.7,7.32,0.67,0,95,190,0.03,29.5
Lakhya,SW180,27.06,7.33,0.59,0,86.7,173,0.25,32.5
Balu,SW7.5,27,7.06,5.58,0.2,268,536,0.03,49.43
Tongi Khal,SW299,27.7,7.19,7.38,0.3,347,694,0,50.4
Buriganga,SW42,27,7.56,5,0.4,464,929,0.03,49.43
Lakhya,SW180,27.06,7.54,6.2,0.2,229,457,0.27,
Buriganga,SW42,27,7.36,1.66,0.4,436,872,0.6,158
Balu,SW7.5,27,7.98,3.15,0.5,496,992,0.1,145
Tongi Khal,SW299,27.7,7.98,2.53,0.5,554,1109,0,134
Lakhya,SW180,27.06,7.73,1.84,0.4,414,829,0.13,128
Balu,SW7.5,27,7.56,12.5,0.4,439,879,0,108
Buriganga,SW42,27,7.39,10.76,0.4,488,976,0,134
Tongi Khal,SW299,27.7,7.34,3.59,0.5,548,1096,0.31,135
Lakhya,SW180,27.06,7.69,2.45,0.4,402,803,0.01,120
Buriganga,SW42,27,7.38,15.5,0.4,406,813,0.02,100
Balu,SW7.5,27,7.56,1.21,0.3,306,612,0.02,40
Lakhya,SW180,27.06,7.59,18.9,0.4,450,899,0.16,98
Tongi Khal,SW299,27.7,6.9,12.27,0.5,503,1005,0.06,103
Buriganga,SW42,27,7.25,21.3,0.3,389,778,0.3,103
Balu,SW7.5,27,7.41,5.3,0.2,279,559,0.26,41
Lakhya,SW180,27.06,7.44,20.4,0.3,350,699,0.12,84
Tongi Khal,SW299,27.7,7.62,3.4,0,70,140.1,0,9.5
Balu,SW7.5,27,7.21,2.39,0.2,2.03,4.06,0.09,70
Balu,SW7.5,27,7.21,2.39,0.2,203,406,0.29,70
Buriganga,SW42,27,7.08,1.73,0.3,306,612,0.21,112
Buriganga,SW42,27,7.08,1.73,0.3,306,612,0.21,112
Tongi Khal,SW299,27.7,7.03,14.02,0.3,325,649,0.09,67
Tongi Khal,SW299,27.7,7.03,14.02,0.3,325,649,0.09,67
Lakhya,SW180,27.06,7.1,5.13,0.2,282,564,0.12,70
Lakhya,SW180,27.06,7.1,5.13,0.2,282,564,0.12,70
Tongi Khal,SW299,27.7,6.67,12.27,0.27,238.17,493.64,0.49,50.4
Tongi Khal,SW299,27.7,6.67,1.55,0.1,117.8,236,0.48,17.5
Tongi Khal,SW299,27.7,6.67,1.55,0.1,117.8,236,0.48,17.5
Balu,SW7.5,27,6.76,12.94,0.1,154.7,310,0.11,42.5
Balu,SW7.5,27,6.76,12.94,0.1,154.7,310,0.11,42.5
Buriganga,SW42,27,7.06,3.19,0.1,44,87.9,0.03,11.6
Buriganga,SW42,27,7.07,3.19,0.1,44,87.9,0.03,11.6
Lakhya,SW180,27.06,6.61,11.52,0.1,174,349,0.12,36
Lakhya,SW180,27.06,6.61,11.52,0.1,174,349,0.12,36
Balu,SW7.5,27,6.94,1.66,0.1,116.3,234,0.01,6.6
Balu,SW7.5,27,6.94,1.66,0.1,116.3,234,0.01,6.6
Buriganga,SW42,27,7.78,1.22,0,80.8,161.5,0.02,28.5
Buriganga,SW42,27,7.78,1.22,0,80.8,161.5,0.02,28.5
Lakhya,SW180,27.06,6.89,1.44,0,59.1,118.6,0.64,12.8
Lakhya,SW180,27.06,6.89,1.44,20,59.1,118.6,0.34,12.8
Tongi Khal,SW299,27.7,6.94,1.38,0,69,138.1,0.03,21.5
Tongi Khal,SW299,27.7,6.94,1.38,0,69,138.1,0.03,21.5
Balu,SW7.5,27,6.11,3.59,0,99.5,199,0.2,21.75
Balu,SW7.5,27,6.11,3.59,0,99.5,199,0.2,21.75
Buriganga,SW42,27,5.98,1.68,0,83.1,166.2,0.27,7.75
Buriganga,SW42,27,5.98,1.68,0,83.1,166.2,0.27,7.75
Tongi Khal,SW299,27.7,6.54,4.67,0,67.9,135.8,0.01,9.5
Tongi Khal,SW299,27.7,6.54,4.67,0,67.9,135.8,0.01,9.5
Lakhya,SW180,27.06,6.66,4.4,0,79.1,158.2,0.1,12
Lakhya,SW180,27.06,6.66,4.4,0,79.1,158.2,0.1,12
Buriganga,SW42,27,7.29,8.24,0,84.2,168.2,0.03,11.75
Balu,SW7.5,27,6.58,5.42,0,117.1,234,0.22,18.75
Balu,SW7.5,27,6.58,5.42,0,117.1,234,0.22,18.75
Tongi Khal,SW299,27.7,6.66,4.85,0,65.3,130.7,0.05,6
Tongi Khal,SW299,27.7,6.66,4.85,0,65.3,130.7,0.05,6
Lakhya,SW180,27.06,6.67,2.62,0,91.3,182.2,0.05,13.25
Lakhya,SW180,27.06,6.67,2.62,0,91.3,182.2,0.05,13.25
Balu,SW7.5,27,6.82,2.07,0,121.1,242,0.38,27.5
Balu,SW7.5,27,6.82,2.07,0,121.1,242,0.38,27.5
Lakhya,SW180,27.06,6.67,1.82,0,96.6,193.5,0.65,17.75
Lakhya,SW180,27.06,6.67,1.82,0,96.6,193.2,0.65,17.75
Buriganga,SW42,27,7.38,2.62,0,127,255,0.12,25.75
Buriganga,SW42,27,7.38,2.62,0,127,255,0.12,25.75
Tongi Khal,SW299,27.7,6.7,1.7,0,68.7,137.4,0.22,12.75
Tongi Khal,SW299,27.7,6.7,1.7,0,68.7,137.4,0.22,12.75
Balu,SW7.5,27,7.25,0.61,0.4,414,828,0.01,105
Buriganga,SW42,27,7.14,3.63,0.3,312,619,0.03,72
Lakhya,SW180,27.06,7.39,0.37,0.4,455,910,0.04,114
Tongi Khal,SW299,27.7,7.21,0.07,0.6,613,1126,0.03,130
Balu,SW7.5,27,7.08,0.69,0.5,527,1054,0.08,150
Buriganga,SW42,27,7.33,0.28,0.5,568,1136,0.01,172
Tongi Khal,SW299,27.7,7.31,1.8,0.7,780,1481,0.14,312.5
Lakhya,SW180,27.06,7.41,0.21,0.5,572,1144,0.06,142
Balu,SW7.5,27,7.07,2.34,0,528,1057,0.01,125
Buriganga,SW42,27,7.04,1.66,0.4,437,874,0.03,116
Tongi Khal,SW299,27.7,7.06,8.83,0.5,505,1010,0,99
Lakhya,SW180,27.06,7.31,1.1,0.3,367,733,0.06,108
Buriganga,SW42,27,7.07,12.12,0.4,457,914,0.01,120
Balu,SW7.5,27,6.55,0.48,0.4,490,979,0.04,130
Lakhya,SW180,27.06,7.32,3.28,0.5,529,1059,0.07,148
Tongi Khal,SW299,27.7,7.2,0.77,0.5,539,1079,0.03,153
Lakhya,SW180,27.06,7.43,9.78,0.3,366,731,0.13,110
Buriganga,SW42,27,7.13,1.51,0.3,397,794,0.08,181
Balu,SW7.5,27,6.79,0.74,0.5,512,1023,0.06,117
Tongi Khal,SW299,27.7,7.42,0.53,0.4,484,968,0.01,130
Balu,SW7.5,27,7.75,8,0.2,278,556,0.01,70
Tongi Khal,SW299,27.7,7.86,6.6,0.3,386,771,0.01,115
Lakhya,SW180,27.06,7.58,5.1,0.2,288,577,0.01,89
Balu,SW7.5,27,7.92,5.2,0.2,214,429,0.02,142
Buriganga,SW42,27,7.85,6,0.1,183.3,367,0.01,54.25
Tongi Khal,SW299,27.7,7.92,6,0.2,298,596,0.01,67
Balu,SW7.5,27,7.94,5.2,0.1,128.4,257,0.03,35.5
Balu,SW7.5,27,7.94,5.2,0.1,128.4,257,0.03,35.5
Tongi Khal,SW299,27.7,7.67,5.1,0.1,135.6,271,0.01,20.5
Tongi Khal,SW299,27.7,7.67,5.1,0.1,135.6,271,0.01,20.5
Buriganga,SW42,27,6.67,5.2,0.01,144.5,289,0.02,53.5
Buriganga,SW42,27,7.37,5.2,0.01,144.5,289,0.02,53.5
Balu,SW7.5,27,6.95,0.9,0,93.9,187.7,0.02,17.25
Lakhya,SW180,27.06,7.2,8.9,0,95.9,191.9,0.03,18.75
Buriganga,SW42,27,7.21,7.8,0,85.6,171.6,0.03,18.75
Buriganga,SW42,27,7.21,7.8,0,85.6,171.6,0.29,49.43
Tongi Khal,SW299,27.7,7.5,7.6,0,82.5,164.5,0.03,17.25
Lakhya,SW180,27.06,7.26,7.17,0,87.9,175.8,0.03,21.25
Balu,SW7.5,27,7.2,9.66,0,87.9,175.8,0.03,21.25
Buriganga,SW42,27,7.32,6.6,0,91.4,182.8,0.29,49.43
Buriganga,SW42,27,7.32,6.6,0,91.4,182.8,0.03,21.25
Tongi Khal,SW299,27.7,7.2,6.47,0,81.6,163.1,0.03,14.5
Balu,SW7.5,27,7.48,7.2,0.1,156.1,312,0.03,37.5
Lakhya,SW180,27.06,7.45,7.88,0.1,131,262,0.03,27.25
Tongi Khal,SW299,27.7,7,6.48,0.1,174.2,348,0.03,32
Buriganga,SW42,27,7.15,7.13,0.2,259,518,0.29,49.43
Buriganga,SW42,27,7.15,7.13,0.2,259,518,3,48.25
Balu,SW7.5,27,6.71,0.2,0.2,253,506,0.29,49.43
Lakhya,SW180,27.06,6.45,1.47,0.2,221,421,0.02,38.25
Buriganga,SW42,27,6.83,0,0.4,448,896,0.03,91.5
Tongi Khal,SW299,27.7,6.85,0.6,0.3,320,640,0.03,70.63
Buriganga,SW42,27,6.83,,0.4,448,896,0.29,49.43
Balu,SW7.5,27,6.57,0,0.5,505,1010,0.02,95
Lakhya,SW180,27.06,7.62,7.04,0.4,455,910,0.03,78
Buriganga,SW42,27,7.02,0.9,0.3,335,670,0.03,88
Tongi Khal,SW299,27.7,7.12,7.46,0.4,485,971,0.03,69.25
Balu,SW7.5,27,7.14,8.29,0.4,447,894,0.03,74
Tongi Khal,SW299,27.7,6.85,0.6,0.3,320,640,0.02,65
Buriganga,SW42,27,7.15,6,0.2,269.1,539,0.02,83
Tongi Khal,SW299,27.7,7.16,5.9,0.3,331,661,0.02,61.5
Lakhya,SW180,27.06,7.12,5.6,0.2,218,413,0.02,35
Buriganga,SW42,27,6.47,6.21,0.4,463,926,0,94
Lakhya,SW180,27.06,6.27,6.5,0.3,364,728,0.02,81
Balu,SW7.5,27,6.51,0.3,0.7,732,1463,0.02,117.5
Tongi Khal,SW299,27.7,7.37,0.15,0.4,463,932,0.85,68
Buriganga,SW42,27,6.77,7.62,0.4,446,892,0.02,85
Balu,SW7.5,27,6.75,7.48,0.4,420,839,0.01,82
Lakhya,SW180,27.06,6.53,7.75,0.3,383,766,0.02,78
Tongi Khal,SW299,27.7,6.57,6.93,0.4,465,930,0.05,97
Balu,SW7.5,27,6.57,8.86,0.2,258,515,0.27,77.5
Lakhya,SW180,27.06,6.91,7.93,0.2,296,592,0.02,97.5
Buriganga,SW42,27,6.91,7.04,0.3,342,683,0.02,95
Tongi Khal,SW299,27.7,7.32,8.46,0.3,373,746,0.03,145
Balu,SW7.5,27,6.94,8.09,0.1,157.3,315,0.03,36
Buriganga,SW42,27,6.61,8.8,0.2,227,453,0.01,41.5
Buriganga,SW42,27,6.61,8.8,0.2,227,453,0.01,41.5
Lakhya,SW180,27.06,6.72,8.74,0.2,228,456,0.03,44
Tongi Khal,SW299,27.7,6.87,7.76,0.2,271,541,0.03,55
Buriganga,SW42,27,7.02,8.98,0,129.5,259,0.04,30
Lakhya,SW180,27.06,6.8,8.66,0.1,135.2,270,0.06,28.5
Tongi Khal,SW299,27.7,6.99,8.48,30,122.2,244,0.03,27.5
Balu,SW7.5,27,6.57,8.15,0.1,140.1,281,0.03,34.5
Balu,SW7.5,27,6.35,7.88,0,98.7,197.5,0.02,23.5
Buriganga,SW42,27,6.56,7.85,0,78.6,157.2,0.03,11.2
Tongi Khal,SW299,27.7,6.59,8.68,0,78.1,156.2,0.02,14.5
Lakhya,SW180,27.06,6.56,7.25,0,74.5,149.1,0.13,17.25
Balu,SW7.5,27,7.32,6.02,0,93.4,186.9,0.03,32
Buriganga,SW42,27,6.63,7.59,0,82,163.9,0.03,38.5
Lakhya,SW180,27.06,6.74,6.96,0,66.3,132.8,0.15,20
Tongi Khal,SW299,27.7,6.65,6.11,0,74.3,148.6,0.12,38.5
Buriganga,SW42,27,7.29,8.24,0,84.2,168.4,0.03,11.75
Balu,SW7.5,27,7.37,101.3,0,107.1,214,0.02,48
Tongi Khal,SW299,27.7,7.35,101.7,0,71.6,143,0.02,50.25
Balu,SW7.5,27,7.86,109.8,0,103.8,208,0.01,52.25
Lakhya,SW180,27.06,7.5,103.9,0,69.7,139.1,0.03,50.75
Buriganga,SW42,27,7.22,99.6,0.1,164.4,329,0,73
Balu,SW7.5,27,6.7,61.2,0.4,418,834,0,0
Balu,SW7.5,27,6.71,0.2,0.2,253,506,0.03,48
Buriganga,SW42,27,7.05,89.7,0.3,328,656,0,0
Lakhya,SW180,27.06,6.9,83.7,0.02,285,570,0,0
Tongi Khal,SW299,27.7,6.5,7.8,0.4,469,942,0,0
Balu,SW7.5,27,7.12,11.52,0.4,447,894,0.06,143
Tongi Khal,SW299,27.7,7.34,16.25,0.4,454,908,0.01,147
Lakhya,SW180,27.06,7.09,12.82,0.4,440,880,0.01,179
Buriganga,SW42,27,7.19,15.01,0.4,438,876,0.04,158
Balu,SW7.5,27,6.87,0.07,0.5,516,1049,0,0
Buriganga,SW42,27,7.68,0.2,0.5,501,100,0.02,171
Tongi Khal,SW299,27.7,6.82,0.03,0.4,391,799,0.04,130
Lakhya,SW180,27.06,7.36,0,0.3,372,7.63,0.03,150
Balu,SW7.5,27,7.2,7.2,0.3,390,782,0.29,72
Buriganga,SW42,27,7.3,7,0.4,460,919,0.05,44
Lakhya,SW180,27.06,8,7,0.3,359,726,0.05,62
Tongi Khal,SW299,27.7,7.6,6.6,0.4,403,805,0.05,71
Buriganga,SW42,27,7.2,6.8,0.4,402,804,0.05,24
Balu,SW7.5,27,7.5,6.5,0.4,424,848,0.29,14
Lakhya,SW180,27.06,7.4,6.3,0.2,271,542,0.05,10
Tongi Khal,SW299,27.7,7.4,6.3,0.3,351,703,0.05,13
Balu,SW7.5,27,6.9,6.4,0.2,240,479,0.29,12
Buriganga,SW42,27,7.1,6.9,0.3,318,635,0.05,25
Lakhya,SW180,27.06,7.3,7.1,0.2,232,463,0.05,14
Tongi Khal,SW299,27.7,7.2,7,0.3,319,638,0.05,16
Balu,SW7.5,27,7.4,7,0.1,162,324,0.29,14
Buriganga,SW42,27,7.3,6.4,0.1,178,357,0.05,27
Tongi Khal,SW299,27.7,7.6,7.1,0.5,488,977,0.05,77
Lakhya,SW180,27.06,7.4,6.5,0.1,154,309,0.05,18
Balu,SW7.5,27,7.5,6.7,0,90,180,0.29,27
Buriganga,SW42,27,7.3,6.8,0,112,224,0.05,30
Lakhya,SW180,27.06,7.5,7.3,0,79,157,0.05,32
Tongi Khal,SW299,27.7,7.5,7.1,0,73,146,0.05,26
Buriganga,SW42,27,7.4,7.9,0,67,135,0.05,21
Lakhya,SW180,27.06,7.6,8.2,0,64,127,0.05,30
Tongi Khal,SW299,27.7,7.4,7.7,0,60,121,0.05,22
Balu,SW7.5,27,7.4,7.7,0,100,201,0.05,29
Balu,SW7.5,27,7.6,8,0,112,224,0.05,37
Buriganga,SW42,27,7.6,8.4,0.1,130,261,0.05,25
Lakhya,SW180,27.06,8.3,8.5,0,78,156,0.05,24
Tongi Khal,SW299,27.7,8,7.9,0,73,147,0.05,22
Buriganga,SW42,27,7.6,9.2,0.1,131,262,0.44,65
Balu,SW7.5,27,7.2,7.8,0,51,102,0.05,69
Tongi Khal,SW299,27.7,7.5,8.9,0,60,120,0.24,30
Lakhya,SW180,27.06,7.6,8.6,0,87,174,0.05,29
Lakhya,SW180,27.06,7.1,6.3,0.2,288,577,0.14,25
Balu,SW7.5,27,6.8,4.5,0.4,593,789,0.32,16
Balu,SW7.5,27,6.8,4.5,0.4,393,789,0.32,16
Buriganga,SW42,27,6.8,2.6,0.6,598,1199,0.05,26
Tongi Khal,SW299,27.7,6.6,2.4,0.5,555,1114,0.2,30
Tongi Khal,SW299,27.7,6.6,2.4,0.27,555,1114,0.2,30
Balu,SW7.5,27,7.4,3.2,0.5,518,1031,0.21,23
Buriganga,SW42,27,7.3,2.6,0.4,390,781,0.05,18
Lakhya,SW180,27.06,7.6,3.7,0.3,379,758,0.25,30
Tongi Khal,SW299,27.7,7.4,2.25,0.4,445,891,0.31,27
Balu,SW7.5,27,7.4,3,0.5,518,1031,0.3,21
Buriganga,SW42,27,7.2,2,0.3,389,780,0.05,20
Lakhya,SW180,27.06,7.6,4,0.3,379,758,0.2,32
Tongi Khal,SW299,27.7,7.4,2.2,0.4,445,891,0.2,30
Buriganga,SW42,27,7.19,1.58,0.2,260,520,0.53,51
Tongi Khal,SW299,27.7,7.85,3.06,0.1,160,493.64,0.05,34
Balu,SW7.5,27,7.3,1.99,0.3,297,594,0.13,77
Lakhya,SW180,27.06,7.12,2.92,0,74,148,0.16,13
Buriganga,SW42,27,7.06,7.05,0.1,144,287,0.05,30
Lakhya,SW180,27.06,7.1,6.98,0,143,286,0.08,29
Tongi Khal,SW299,27.7,6.96,5.21,0.4,427,854,0.05,11
Balu,SW7.5,27,7.69,2.34,0.2,290,579,0.1,7.5
Buriganga,SW42,27,7.3,7.09,0.4,396,792,0.1,99
Balu,SW7.5,27,6.83,6.27,0.3,321,642,0.17,8
Lakhya,SW180,27.06,7.25,7.03,0.1,143,287,0.15,143
Tongi Khal,SW299,27.7,7.08,4.18,0.5,533,1066,0.28,129
Tongi Khal,SW299,27.7,7.2,1.23,0.4,474,948,0.05,59
Lakhya,SW180,27.06,6.9,0.81,0.2,247,495,0.06,50
Balu,SW7.5,27,7.8,4.21,0.3,390,780,0.05,72
Balu,SW7.5,27,7.8,4.21,0.3,390,780,0.05,72
Buriganga,SW42,27,7.3,0.95,0.5,539,1086,0.05,102
Balu,SW7.5,27,7,2.18,0.3,326,652,0.06,76
Balu,SW7.5,27,7,2.18,0.3,326,652,0.06,76
Buriganga,SW42,27,7,1.59,0.4,431,862,0.32,48
Tongi Khal,SW299,27.7,6.7,1.95,0.4,355,710,0.05,85
Lakhya,SW180,27.06,8,1.8,0.1,200,401,0.05,54
Buriganga,SW42,27,7.3,1.08,0.5,504,1008,0.05,15
Lakhya,SW180,27.06,7,3.77,0.1,176,352,0.05,50
Tongi Khal,SW299,27.7,7,1.21,0.4,421,842,0.12,105
Balu,SW7.5,27,7.3,1.51,0.3,342,683,0.09,70
Buriganga,SW42,27,6.8,1.14,0.4,415,830,0.91,78
Balu,SW7.5,27,6.4,3.78,0.2,238,475,0.96,45
Lakhya,SW180,27.06,6.7,0.69,0.2,236,471,0.96,41
Tongi Khal,SW299,27.7,7.6,6.33,0.2,270,540,0.88,75
Buriganga,SW42,27,7.5,6.98,0.1,171.2,342,0.57,50
Balu,SW7.5,27,6.7,0.76,0.3,386,772,0.86,70
Lakhya,SW180,27.06,6.6,0.65,0.2,226,453,0.64,36
Tongi Khal,SW299,27.7,7.7,6.62,0.4,408,816,0.63,105
Buriganga,SW42,27,7.5,6.22,0.1,170,340,0.14,50
Tongi Khal,SW299,27.7,7.6,6.38,0.2,270,541,0.18,65
Balu,SW7.5,27,6.8,4.45,0.4,394,789,0.48,80
Lakhya,SW180,27.06,6.5,1.23,0.3,377,6754,0.52,74
Dhaleswari,SW70,28,7.5,8.02,0.2,42,407,0.1,49
Dhaleswari,SW69,28,7.3,8,0.15,31,285.5,0.2,35
Balu,SW7.5,29,7.19,8.12,0.1,27,180,0.8,25
Lakhya,SW180,29,7.2,8.2,0.1,41,448.8,0.1,30
Lakhya,SW179,29,7.9,8.1,0.1,226,448,0.8,14
Dhaleswari,SW69,31,7.3,8.08,0.6,32,285.5,0.26,35
Dhaleswari,SW70,31,7.6,8,0.2,31,407,0.1,49
Tongi Khal,SW299,31,7.8,8.25,0.4,38,390,0.55,22
Buriganga,SW42,26,7.3,8.22,0.2,45,450,0.8,43
Balu,SW7.5,26,7.15,8.13,0.3,27,180,1,25
Lakhya,SW180,28,7.6,8.15,0.14,41,440,0.1,30
Lakhya,SW179,27.06,7.19,8.07,0.16,170.47,421.97,0.72,
Dhaleswari,SW70,30,7.8,8.1,0.2,32,407,0.1,49
Dhaleswari,SW69,30,7.3,8.1,0.5,31,285.5,0.28,25
Buriganga,SW42,28,7.2,8.25,0.3,45,450,0.9,42
Balu,SW7.5,28,7.16,8.16,0.35,25,180,1.41,24
Lakhya,SW180,27,7.5,8.13,0.15,220,444,0.12,30
Lakhya,SW179,27,7.6,8.12,0.15,34.8,58,1.41,16
Dhaleswari,SW69,30,7.3,8.08,0.5,31,285.5,0.28,15
Dhaleswari,SW70,30,7.5,8.02,0.1,35,407,0.1,45
Tongi Khal,SW299,30,7.5,8.3,0.5,35,385,0.65,25
Balu,SW7.5,29,7.1,8.17,0.4,27,180,0.46,23
Buriganga,SW42,29,7.5,8.1,0.5,44,460,1,40
Lakhya,SW180,30,7.4,8.15,0.15,223,442,0.12,30
Lakhya,SW179,30,8,8.12,0.2,19,65,0.6,14
Dhaleswari,SW69,29,7.3,8.1,1.4,31,285.6,0.2,35
Dhaleswari,SW70,29,7.6,8,0.1,31,407,0.15,20
Tongi Khal,SW299,29,7.1,8.2,1.4,39,390,0.65,20
Buriganga,SW42,30,7.5,8.3,1.4,43,460,1,45
Balu,SW7.5,30,7.2,8.15,0.9,28,180,0.6,25
Lakhya,SW180,30.5,7.5,8.1,0.1,222,448.8,0.15,30
Lakhya,SW179,30.4,7.95,6.9,0.2,19,55,0.6,14
Dhaleswari,SW69,29,7.3,8.1,1.4,31,286,0.2,35
Dhaleswari,SW70,29,7.7,8,0.1,32,308,0.2,25
Tongi Khal,SW299,29,7.1,8.21,1.4,38,390,0.65,20
Buriganga,SW42,30,7.3,8.2,1,43,440,1,45
Balu,SW7.5,30,7.1,8.15,0.9,26,180,0.6,25
Lakhya,SW180,30,7.2,8.13,0.2,224,448,0.14,30
Lakhya,SW179,30,7.9,6.9,0.3,34,68,0.6,14
Buriganga,SW42,30,7.2,8.2,1.3,42,440,0.75,45
Buriganga,SW42,23,7.9,0.06,0.6,485,976,0.96,160
Tongi Khal,SW299,24,7.9,0.05,0.3,320,670,1.3,100
Dhaleswari,SW70,31,7.8,0.07,0.05,420,900,1.08,22
Buriganga,SW42,27,7.5,0.07,0.44,550,991,0.9,160
Dhaleswari,SW70,32,9.4,0.06,0.02,260,560,1.07,28
Lakhya,SW180,30,7.6,0.12,0.2,382,550,1.2,82
Balu,SW7.5,28,7.5,0.07,0.2,302,612,1.14,110
Dhaleswari,SW69,30,8.7,0.66,0.04,492,1000,0.98,112
Lakhya,SW179,29,7.5,0.1,0.06,300,600,1.2,70
Tongi Khal,SW299,28,8.6,0.11,0.3,40,800,1.11,100
Tongi Khal,SW299,29,8.9,0.1,0.3,445,805,1.1,100
Buriganga,SW42,31,735,0.07,0.45,530,990,0.92,140
Dhaleswari,SW70,32,9.5,0.07,0.03,250,500,1.08,40
Dhaleswari,SW69,29,8.7,0.06,0.04,508,1015,1.02,121
Lakhya,SW180,30,7.3,0.1,0.2,375,560,1.21,80
Balu,SW7.5,32,7.7,0.08,0.28,312,660,1.13,100
Lakhya,SW179,29,7.5,0.08,0.05,300,600,1.2,70
Tongi Khal,SW299,32.5,8.5,0.06,0.4,443,880,1.12,100
Buriganga,SW42,31,7.3,0.07,0.45,537,994,0.97,140
Dhaleswari,SW69,36,9.1,0.07,0.05,239,1085,0.92,130
Dhaleswari,SW70,32,9.4,0.07,0.02,239,452,1.09,50
Lakhya,SW180,28,7.4,0.07,0.2,380,569,1.13,80
Balu,SW7.5,32,8.1,0.07,0.3,417,775,1.13,100
Lakhya,SW179,32,7.6,0.07,0.04,352,653,1.41,75
Dhaleswari,SW70,24,8.8,0.07,0.02,257,513,1.15,30
Dhaleswari,SW69,23,8.9,0.06,0.4,476,952,1.2,98
Lakhya,SW180,30,7.7,0.08,0.3,316,770,1.21,95
Buriganga,SW42,26,7.9,0.07,0.4,242,484,0.95,150
Balu,SW7.5,26,7.7,0.07,0.3,347,698,1.12,100
Lakhya,SW179,26,7.9,0.05,0.03,340,680,1.32,75
Tongi Khal,SW299,26,6.8,0.04,0.3,387,774,1.3,100
Dhaleswari,SW70,22,8,0.06,0.07,851,1702,1.3,1.3
Lakhya,SW180,22,7.6,0.06,0.4,366,650,1.2,86
Dhaleswari,SW69,22,0.8,0.07,0.6,620,1239,1.12,60
Buriganga,SW42,22,7.8,0.07,0.5,484,969,0.93,160
Balu,SW7.5,21,8.2,0.06,0.1,178,657,1.1,120
Lakhya,SW179,22,8,0.02,0.06,620,1239,1.4,60
Tongi Khal,SW299,22,7.9,0.02,0.2,3.25,6.46,1.4,75
Dhaleswari,SW70,26,7.8,0.07,0.06,6400,1400,1.12,25
Lakhya,SW180,26,7.5,0.06,0.2,345,600,1.1,80
Dhaleswari,SW69,26,8,0.07,0.06,600,1250,1,70
Balu,SW7.5,21,7.2,0.08,0.12,178,660,1.1,120
Lakhya,SW179,24,7,0.05,0.02,500,1100,1.3,60
Lakhya,SW180,32,7.5,0.07,0.3,300,690,1.13,80
Dhaleswari,SW69,31,8,0.07,0.05,560,1200,0.98,80
Buriganga,SW42,32,8,0.06,0.5,480,1000,0.9,150
Balu,SW7.5,32,8.2,0.07,0.1,329,666,1.1,120
Lakhya,SW179,32,7,0.06,0.03,350,840,1.12,50
Tongi Khal,SW299,32,7.8,0.06,0.2,3.25,700,1.12,98
Dhaleswari,SW69,25,8.1,6.24,0.01,520,1150,0,50
Buriganga,SW42,25.4,7.6,6.67,0.1,423,836,0,101
Balu,SW7.5,22,7.8,6.7,0.1,67,520,0,70
Lakhya,SW179,24.1,7.7,6.9,0.1,72,587,0,74
Tongi Khal,SW299,26.1,7.5,6.12,0.01,386,806,0,50.4
Dhaleswari,SW69,25,8.1,6.24,0.02,522,1161,0,137
Buriganga,SW42,25,7.6,6.68,0.1,423,8.36,0,101
Balu,SW7.5,20,7.8,6.72,0.1,68,518,0,70
Lakhya,SW179,24.1,7.8,7.1,0.1,72,587,0,75
Tongi Khal,SW299,26,7.6,6.12,0.01,363,725,0,50.4
Dhaleswari,SW69,26,8,6.45,0.01,405,900,0,130
Buriganga,SW42,24,7.6,6.7,0.2,381,769,0,102
Balu,SW7.5,26,7.53,6.52,0.01,68,515,0,76
Lakhya,SW179,24,7.8,6.2,0.09,72,590,0,75
Tongi Khal,SW299,26,7.6,6.12,0.01,363,725,0,50.4
Dhaleswari,SW69,25,8,6.85,0.3,315,700,0,90
Buriganga,SW42,22,7.4,7,0.2,380,760,0,103
Balu,SW7.5,25,7.5,6.42,0.01,67,500,0,82
Tongi Khal,SW299,28,7.7,6.13,0.01,350,730,0,50.4
Dhaleswari,SW69,26,7.8,6.85,0.3,305,675,0,45
Buriganga,SW42,23,7.2,7,0.2,378,750,0,102
Balu,SW7.5,26,7.5,6.42,0.01,68,500,0,83
Lakhya,SW179,25,7.8,6.8,0.3,72,600,0,93
Tongi Khal,SW299,27,7.9,6.14,0.02,330,700,0,50.4
Dhaleswari,SW69,25,7.8,6.85,0.3,315,685,0,45
Buriganga,SW42,25,7.2,7.01,0.3,377,746,0,103
Balu,SW7.5,26,7.6,6.49,0.02,69,501,0,83
Lakhya,SW179,25,7.7,6.8,0.03,73,614,0,90
Tongi Khal,SW299,26,7.8,6.15,0.3,332,714,0,50.4
Dhaleswari,SW69,26,7.8,6.85,0.1,215,456,0,35
Buriganga,SW42,26,7.4,6.4,0,273,546,0,100
Balu,SW7.5,25,7.5,6.5,0,170,350,0,18
Lakhya,SW179,25,7.7,6.58,0.01,75,465,0,95
Tongi Khal,SW299,26,7.8,6.2,0.01,92,192,0,50.4
Dhaleswari,SW69,25,8.2,6.75,0.1,75,157,0,13
Buriganga,SW42,27,7.5,6.4,0,77,153,0,12
Balu,SW7.5,26,7.9,6.5,0,70,150,0,19
Lakhya,SW179,24.9,7.8,6.6,0,75,162,0,29
Tongi Khal,SW299,26,7.8,6.1,0,61,133,0,50.4
Dhaleswari,SW69,25,8.2,6.76,0,75,157,0,13
Buriganga,SW42,26,7.8,6.5,0,77,152,0,12
Balu,SW7.5,25,7.9,6.5,0,71,150,0,18
Lakhya,SW179,25.5,8,6.61,0,76,160,0,21
Tongi Khal,SW299,26.1,7.9,6.2,0,63,132,0,50.4
Dhaleswari,SW69,25,8.1,6.76,0,65,137,0,15
Buriganga,SW42,25.2,8,6.35,0,63,133,0,16
Balu,SW7.5,26,8,6.4,0,85,170,0,20
Lakhya,SW179,25.4,7.9,6.62,0,64,144,1,19
Tongi Khal,SW299,25.5,7.25,6.19,0,63,125,1,50.4
Dhaleswari,SW69,25,8.1,6.76,0,59,124,0,15
Buriganga,SW42,25.2,8.1,6.37,0,63,132,0,16
Balu,SW7.5,24.4,8,6.39,0,85,177,0,22
Lakhya,SW179,25.3,7.9,6.64,0,65,136,1,17
Tongi Khal,SW299,25.4,7.3,5.18,0,62,130,1,50.4
Dhaleswari,SW69,25,8.1,7.3,0,50,124,0,15
Buriganga,SW42,30,7.86,5.8,0,88,160,0,16
Balu,SW7.5,25,8,5,0.01,85,200,0,20
Lakhya,SW179,28.3,7.77,3,0.05,13,289,0,17
Tongi Khal,SW299,26,7.2,6,0,61,125,1,50.4
Buriganga,SW42,30.48,7.86,5.78,0.1,110,172.15,0,15
Balu,SW7.5,27.8,8.2,4.5,0.05,100,200,0,10
Lakhya,SW179,28.4,7.79,3,0.05,145,290,0,
Tongi Khal,SW299,31.25,7.3,6.8,0.01,62,805,0.49,50.4
Buriganga,SW42,31.5,7.2,4.85,0.35,0.11,175.5,0.29,49.43
Lakhya,SW179,30.5,6.92,4.5,0.62,0.28,205.2,0.72,
Buriganga,SW42,30.8,6.85,4.52,0.48,0.1,165.2,0.29,49.43
Lakhya,SW179,29.2,6.2,3.85,0.48,0.25,215.2,0.72,
Buriganga,SW42,29.32,6.3,4.12,0.42,0.08,168.3,0.29,49.43
Lakhya,SW179,28.96,5.18,3.24,0.39,0.25,204.3,0.72,
Buriganga,SW42,28.59,5.57,3.57,0.39,0.49,213.2,0.29,49.43
Lakhya,SW179,27.9,4.38,3.17,0.28,0.36,223.9,0.72,
Lakhya,SW179,27.06,7.19,4.71,1.73,237.02,421.97,0.72,
Lakhya,SW179,20.88,6.3,1.39,0.2,0.25,198,0.72,
Buriganga,SW42,20.89,6.29,1.98,0.33,0.41,194.2,0.29,49.43
Buriganga,SW42,20.34,7.38,1.74,0.29,0.37,154.4,0.29,49.43
Lakhya,SW179,20.27,6.8,1.1,0.04,0.07,109.6,0.72,
Buriganga,SW42,17.15,7.03,1.63,0.14,0.17,258.8,0.29,49.43
Lakhya,SW179,19.7,8.04,4.01,0.09,0.14,217.4,0.72,
Buriganga,SW42,25.49,7.46,3.95,0.11,0.13,209.41,0.29,49.43
Lakhya,SW179,26.28,7.83,4.93,0.08,0.07,116.3,0.72,
Lakhya,SW179,28.98,7.21,6.19,0.07,0.08,123.5,0.72,
Buriganga,SW42,29.51,8.01,2.89,0.06,0.1,160.53,0.29,49.43
Buriganga,SW42,30.54,8.21,4.01,0.05,0.09,135.95,0.29,49.43
Lakhya,SW179,28.91,7.61,6,0.08,0.08,125.6,0.72,
Buriganga,SW42,30.29,8.53,4.59,0.05,0.08,125.3,0.29,49.43
Lakhya,SW179,29.43,8.39,7,0.05,0.08,128.14,0.72,
Buriganga,SW42,30.48,7.73,3.45,0.06,0.1,149.45,0.29,49.43
Lakhya,SW179,29.24,7.51,6.39,0.06,0.07,103,0.72,
Buriganga,SW42,30.48,7.86,5.78,0.1,0.11,172.15,0.29,49.43
Lakhya,SW179,30.27,7.22,4.95,0.05,0.15,232,0.72,
Buriganga,SW42,31.49,8.08,4.23,0.1,0.12,189.25,0.29,49.43
Lakhya,SW179,29.98,7.04,4.23,0.05,0.15,232,0.72,
Buriganga,SW42,30.48,7.07,5.23,0.09,0.1,163,0.29,49.43
Lakhya,SW179,29.12,6.96,2.43,0.09,0.18,274,0.72,
Buriganga,SW42,29.19,6.88,4.91,0.14,0.16,252.61,0.29,49.43
Lakhya,SW179,29.16,6.9,3.89,0.11,0.18,277.6,0.72,
Buriganga,SW42,25.44,6.95,2.95,0.14,0.17,259.14,0.29,49.43
Lakhya,SW179,25.27,7.89,4.12,0.1,0.19,293,0.72,
Buriganga,SW42,14.23,7.22,3.54,1.15,0.19,291.41,0.29,49.43
Lakhya,SW179,20.47,8.36,6.38,0.09,0.21,327.7,0.72,
Buriganga,SW42,16.43,8.13,3.32,0.13,0.17,259.48,0.29,49.43
Lakhya,SW179,19.4,8.33,6.29,0.1,0.15,235,0.72,
Buriganga,SW42,20.51,8.53,3.98,0.13,0.17,264.45,0.29,49.43
Lakhya,SW179,26.4,7.62,5.31,0.08,0.07,113.1,0.72,
Buriganga,SW42,26.43,7.58,4.13,0.12,0.14,224,0.29,49.43
Lakhya,SW179,28.8,6.9,6.51,0.06,0.07,115.5,0.72,
Buriganga,SW42,29.39,7.09,3.31,0.1,0.11,176.09,0.29,49.43
Lakhya,SW179,29.39,6.93,4.31,0.05,0.1,155.89,0.72,
Buriganga,SW42,29.91,8.49,5,0.05,0.08,126.8,0.29,49.43
Lakhya,SW179,29.59,8.55,7.05,0.05,0.08,129.39,0.72,
Buriganga,SW42,30.45,8.59,2.99,0.1,0.11,175.98,0.29,49.43
Lakhya,SW179,29.24,7.5,5.14,0.05,0.06,99.4,0.72,
Buriganga,SW42,31.3,8.63,1.03,0.1,0.12,179.58,0.29,49.43
Lakhya,SW179,30.28,2.14,0.05,0.06,92.3,421.97,0.72,
Buriganga,SW42,29.4,8.52,0.91,0.11,0.13,208.29,0.29,49.43
Lakhya,SW179,29.51,8.07,4.19,0.05,0.07,107.8,0.72,
Buriganga,SW42,29.87,8.3,3.68,0.14,0.16,248.06,0.29,49.43
Lakhya,SW179,29.5,8.41,4,0.05,0.11,176.9,0.72,
Buriganga,SW42,29.41,8.18,3.23,0.15,0.17,272,0.29,49.43
Lakhya,SW179,29.08,8.45,4.37,0.08,0.14,221.5,0.72,
Buriganga,SW42,24.64,0.19,3.59,0.19,2458,384.7,0.29,49.43
Buriganga,SW42,29.44,8.03,2.29,0.14,0.18,287.63,0.29,49.43
Lakhya,SW179,32.38,8.27,4,0.09,0.17,259.9,0.72,
Buriganga,SW42,20.33,7.94,1.93,0.12,0.16,250.1,0.29,49.43
Lakhya,SW179,24.91,7.88,6.13,0.1,0.18,280.3,0.72,
Buriganga,SW42,16.59,8.09,5.16,0.12,0.17,260.19,0.29,49.43
Lakhya,SW179,15.66,8.56,7.18,0.06,0.1,159.8,0.72,
Buriganga,SW42,21.6,8.04,4.93,0.12,0.16,243.5,0.29,49.43
Lakhya,SW179,20.12,8.41,6.05,0.09,0.15,236,0.72,
Buriganga,SW42,25.01,8.44,4.21,0.11,0.13,203.58,0.29,49.43
Lakhya,SW179,23.14,8.37,7.69,0.08,0.13,206.2,0.72,
Buriganga,SW42,28.5,8.15,4.3,0.06,0.11,170.29,0.29,49.43
Lakhya,SW179,27.58,8,6.3,0.05,0.1,151.4,0.72,
Buriganga,SW42,29.8,8.37,5.3,0.05,0.08,124.7,0.29,49.43
Lakhya,SW179,29.34,8.49,7.18,0.05,0.08,130.7,0.72,
Balu,SW7.5,30.7,7.5,7.3,0.18,460,920,0.29,49.43
Dhaleswari,SW69,30.5,7.7,7.3,0.02,465,921,0,50
Balu,SW7.5,31,7.95,6.4,0.18,77.6,155.05,0.29,49.43
Buriganga,SW42,29.1,7.49,7.6,0.18,196.5,393,0.29,49.43
Dhaleswari,SW70,29.5,7.26,7.4,0.02,194.7,389,0,50
Buriganga,SW42,31.4,6.8,7,0.18,247.5,495,0.29,49.43
Lakhya,SW179,30.1,7.77,7.1,0.13,303,606,0.33,
Balu,SW7.5,33.2,7.8,6.7,0.18,124.8,248,0.29,49.43
Lakhya,SW179,32.1,7.66,7.7,1.73,124,248,0.72,
Lakhya,SW180,31.1,7.61,6.9,1.73,90.8,181.3,0.72,
Tongi Khal,SW299,30.8,7.85,6.8,0.27,357,715,0.49,50.4
